;;;;;;;;;;;;;;;;;;;;;;;;;;;;;;;;;;;;;;;;;;;;;;;;;;;;;;;;;;;;;;;;;;;;;;
;Pt. Triputra Textile Industry (Spinning Division);;;;;;;;;;;;;;;;;;;;;;;;;;;;;;;;;;;;;;;;;;;;;;;;;;;;;;;;;;;;;;;;;;;;;
;Yarn Testing Data Base;;;;;;;;;;;;;;;;;;;;;;;;;;;;;;;;;;;;;;;;;;;;;;;;;;;;;;;;;;;;;;;;;;;;;
;;;;;;;;;;;;;;;;;;;;;;;;;;;;;;;;;;;;;;;;;;;;;;;;;;;;;;;;;;;;;;;;;;;;;;
;Tangall;Bulan;Tahun;Count Description;Nom. Count;Lot;SPK;Yarn Type;Slub Code;Supplier;Mills Unit;Process Step;Test Type;MC. No.;Side;Sliver / Roving (Ne);Total Draft;TM α;TPI;TPM;Actual Twist;Rotor /Spindle Speed;Mean Ne;Min Ne;Max Ne;CV% Count;Mean Strength CN;Min Strength CN;Max Strength CN;CV% Strength;Tenacity (CN/Tex);Elongation%;CLSP;U%;CV b;CVm;CVm 1m;CVm 3m;CVm 10m;Thin-50%;"Thick
+50%";"Neps
+200%";"Neps
+280%";IPIs;OE IPI;Thin-30%;Thin-40%;"Thick
+35%";"Neps
+140%";Short IPI;Hairiness;Sh;S1u + S2u;S3u;DR 1.5m 5% (%);Remarks;;Count Description;Lot;SPK;Yarn Type;Supplier;Mills Unit;Process Step;Test Type;Side;;;;
;18-Aug-25;August;2025;RSM 10,7 1000,0 LL23 D2;10;1000,0;LL23 D2;Fancy;107;SSM;RS;Ring;Routine;1;N/A;0,670;14,93;4,20;13,28;523;;10000;9,83;9,64;9,88;0,94;836;700;954;7,50;13,91;28,20;2215;18,10;6,1;21,56;4,61;3,39;2,12;166;419;30;4;615;589;6159;1609;1873;261;3743;9,19;2,51;21908;7572;23,67;;;4;101;201;302;401;502;602;701;I3;;;;
;18-Aug-25;August;2025;E 7s 4600,0 LL28 D2;7;4600,0;LL28 D2;Normal;-;SSM;RS;Rotor;Routine;1;kanan;0,100;70,00;4,22;11,17;440;;75000;10,22;10,22;10,22;0,86;650;0;0;2,46;11,25;12,75;1792;8,85;1,4;11,16;1,48;1,48;1,48;0;0;5;0;5;0;575;14;95;79;188;5,52;1,27;1;1;19,17;;;1;103;202;301;401;502;601;701;I1;;;;
;18-Aug-25;August;2025;E 7s 4600,0 LL28 D2;7;4600,0;LL28 D2;Normal;-;SSM;RS;Rotor;Routine;1;kanan;0,100;70,00;4,22;11,17;440;;75000;10,22;10,22;10,22;0,86;650;0;0;2,46;11,25;12,75;1792;8,85;1,4;11,16;1,48;1,48;1,48;0;0;5;0;5;0;575;14;95;79;188;5,52;1,27;1;1;19,17;;;1;103;202;301;401;502;601;701;I1;;;;
;18-Aug-25;August;2025;E 7s 4600,0 LL28 D2;7;4600,0;LL28 D2;Normal;-;SSM;RS;Rotor;Routine;1;kanan;0,100;70,00;4,22;11,17;440;;75000;10,22;10,22;10,22;0,86;650;0;0;2,46;11,25;12,75;1792;8,85;1,4;11,16;1,48;1,48;1,48;0;0;5;0;5;0;575;14;95;79;188;5,52;1,27;1;1;19,17;;;1;103;202;301;401;502;601;701;I1;;;;
;18-Aug-25;August;2025;E 7s 4600,0 LL28 D2;7;4600,0;LL28 D2;Normal;-;SSM;RS;Rotor;Routine;1;kanan;0,100;70,00;4,22;11,17;440;;75000;10,22;10,22;10,22;0,86;650;0;0;2,46;11,25;12,75;1792;8,85;1,4;11,16;1,48;1,48;1,48;0;0;5;0;5;0;575;14;95;79;188;5,52;1,27;1;1;19,17;;;1;103;202;301;401;502;601;701;I1;;;;
;18-Aug-25;August;2025;E 7s 4600,0 LL28 D2;7;4600,0;LL28 D2;Normal;-;SSM;RS;Rotor;Routine;1;kanan;0,100;70,00;4,22;11,17;440;;75000;10,22;10,22;10,22;0,86;650;0;0;2,46;11,25;12,75;1792;8,85;1,4;11,16;1,48;1,48;1,48;0;0;5;0;5;0;575;14;95;79;188;5,52;1,27;1;1;19,17;;;1;103;202;301;401;502;601;701;I1;;;;
;18-Aug-25;August;2025;E 10s 4600,0 LL28 D2;10;4600,0;LL28 D2;Normal;-;SSM;OE;Rotor;Sample;1;kanan;0,670;14,93;4,44;14,03;552;;83000;12,22;12,22;12,22;0,66;650;1966;2072;1,40;13,45;12,98;2143;9,36;1,2;11,80;1,75;1,75;1,75;3;8;21;1;32;12;767;22;183;369;574;5,43;1,31;1;1;17,34;;;2;103;202;301;401;501;601;702;I1;;;;
;18-Aug-25;August;2025;E 10s 4600,0 LL28 D2;10;4600,0;LL28 D2;Normal;-;SSM;OE;Rotor;Routine;1;kanan;0,100;100,00;4,94;15,62;615;;95000;20,15;20,15;20,15;1,05;650;0;0;2,37;22,17;12,51;3533;10,17;0,8;12,86;2,67;2,67;2,67;3;29;140;20;172;52;1439;76;29;1328;1433;5,32;1,43;1;1;25,00;;;2;103;202;301;401;501;601;701;I1;;;;
;18-Aug-25;August;2025;E 16s 4600,0 LL28 D2;16;4600,0;LL28 D2;Normal;-;SSM;OE;Rotor;Routine;1;Kiri;0,100;160,00;5,34;21,36;841;;98000;24,30;24,30;24,30;0,82;650;1822;1915;2,30;26,74;11,98;4260;10,51;1,3;13,31;2,40;2,40;2,40;4;42;259;34;305;80;1988;151;418;1884;2453;5,13;1,41;1;1;21,32;;;3;103;202;301;401;501;601;701;I2;;;;
;18-Aug-25;August;2025;RSM 10,7 1000,0 LL23 D2;10;1000,0;LL23 D2;Fancy;107;SSM;OE;Ring;Routine;1;N/A;0,670;14,93;5,40;17,08;672;;99000;25,80;25,80;25,80;1,00;650;1831;1831;2,75;28,39;11,72;4523;10,69;1,8;13,54;2,50;2,50;2,50;6;51;255;30;312;87;2096;176;503;1714;2393;5,13;1,44;1;1;18,61;;;4;101;201;302;401;501;602;701;I3;;;;
;18-Aug-25;August;2025;RSM 10,7 1000,0 LL23 D2;10;1000,0;LL23 D2;Fancy;107;SSM;OE;Winding;Routine;1;Kiri;0,670;14,93;5,56;17,60;693;;100708;30,42;30,42;30,42;0,99;650;1685;1834;2,39;33,47;11,22;5332;11,89;0,9;15,07;3,30;3,30;3,30;34;106;1151;171;1291;311;4015;575;828;5727;7129;4,89;1,34;1;1;23,63;;;4;101;201;302;401;501;603;701;I2;;;;
;07-Aug-25;August;2025;RS 10,7 4006,0 NL04 AX D2;10;4006,0;NL04 AX D2;Fancy;107;SSM;OE;Ring;Routine;1;N/A;0,670;14,93;3,65;11,56;455;;62000;10,10;10,10;10,10;0,44;650;2196;2276;1,44;11,11;14,31;1770;9,61;0,9;12,19;2,00;2,00;2,00;1;14;90;5;105;20;795;24;334;798;1155;7,05;1,71;2;2;15,32;;;5;102;203;302;401;501;602;701;I3;;;;
;07-Aug-25;August;2025;RS 10,7 4006,0 NL04 AX D2;10;4006,0;NL04 AX D2;Fancy;107;SSM;OE;Winding;Routine;1;Kiri;0,670;14,93;4,59;14,52;572;;99000;30,27;30,27;30,27;1,03;650;2082;2162;2,29;33,31;13,67;5306;11,61;1,0;14,72;2,69;2,69;2,69;16;101;1072;172;1189;289;3434;452;759;5289;6500;5,04;1,26;1;1;21,97;;;5;102;203;302;401;501;603;701;I2;;;;
;07-Aug-25;August;2025;RS 10,8 4006,0 NL04 AX D2;10;4006,0;NL04 AX D2;Fancy;108;SSM;OE;Ring;Routine;1;N/A;0,670;14,93;4,55;14,39;566;;97487;31,39;31,39;31,39;0,95;650;1969;2170;2,43;34,54;13,22;5502;11,88;1,1;15,08;2,95;2,95;2,95;24;125;1256;218;1405;367;3680;487;898;5785;7170;13,99;1,26;1;1;23,18;;;6;102;203;302;401;501;602;701;I3;;;;
;07-Aug-25;August;2025;RS 10,8 4006,0 NL04 AX D2;10;4006,0;NL04 AX D2;Fancy;108;SSM;OE;Winding;Routine;1;Kiri;0,670;14,93;3,13;9,91;390;;54000;10,12;10,12;10,12;0,51;650;2558;2765;1,19;11,14;17,02;1775;9,29;1,2;11,78;2,14;2,14;2,14;0;30;57;6;87;36;564;15;283;483;781;7,79;1,73;2;2;16,82;;;6;102;203;302;401;501;603;701;I2;;;;
;07-Aug-25;September;2025;E 7s 4600,0 LL28 D2;7;4600,0;LL28 D2;Normal;-;SSM;OE;Rotor;Routine;1;kanan;0,100;70,00;3,41;9,02;355;;77000;20,54;20,54;20,54;0,76;650;2306;2458;2,65;22,61;15,08;3602;10,06;1,2;12,74;2,43;2,43;2,43;2;35;162;22;199;58;1368;78;363;1442;1883;6,34;1,73;2;2;18,56;;;1;103;202;301;401;501;601;701;I1;;;;
;07-Aug-25;August;2025;E 7s 4600,0 LL28 D2;7;4600,0;LL28 D2;Normal;-;SSM;OE;Rotor;Routine;1;Kiri;0,100;70,00;3,81;10,08;397;;88000;24,11;24,11;24,11;0,55;650;2230;2230;1,62;26,53;14,27;4227;10,64;1,0;13,49;2,56;2,56;2,56;3;60;348;35;411;98;1916;128;504;2200;2832;5,33;1,31;1;1;23,68;;;1;103;202;301;401;501;601;701;I2;;;;
;07-Aug-25;August;2025;E 10s 4600,0 LL28 D2;10;4600,0;LL28 D2;Normal;-;SSM;OE;Rotor;Routine;1;kanan;0,100;100,00;3,99;12,60;496;;89000;26,56;26,56;26,56;1,10;650;2345;2473;2,46;29,23;15,45;4657;10,55;1,3;13,34;2,76;2,76;2,76;3;46;287;38;336;86;1859;138;430;2079;2647;5,21;1,26;1;1;21,59;;;2;103;202;301;401;501;601;701;I1;;;;
;07-Aug-25;August;2025;E 10s 4600,0 LL28 D2;10;4600,0;LL28 D2;Normal;-;SSM;OE;Rotor;Routine;1;Kiri;0,100;100,00;4,22;13,34;525;;88710;31,63;31,63;31,63;0,95;650;0;2463;2,28;34,81;14,97;5546;11,70;1,0;14,85;4,60;4,60;4,60;19;112;1096;193;1227;323;3555;411;805;5178;6394;5,24;1,29;1;1;23,54;;;2;103;202;301;401;501;601;701;I2;;;;
;07-Aug-25;August;2025;E 16s 4600,0 LL28 D2;16;4600,0;LL28 D2;Normal;-;SSM;OE;Rotor;Routine;1;kanan;0,100;160,00;3,01;12,04;474;;60000;12,25;12,25;12,25;1,00;650;3074;3074;2,75;13,48;19,67;2148;9,37;0,6;11,90;1,95;1,95;1,95;10;16;38;5;64;31;720;33;223;474;730;7,46;1,62;2;2;19,17;;;3;103;202;301;401;501;601;701;I1;;;;
;07-Aug-25;August;2026;RSM 10,7 1000,0 LL23 D2;10;1000,0;LL28 D2;Normal;-;SSM;OE;Rotor;Routine;1;Kiri;0,100;100,00;3,15;9,96;392;;63000;14,36;14,36;14,36;0,56;650;3019;3202;1,29;15,80;19,89;2517;9,46;1,1;11,95;2,13;2,13;2,13;0;22;69;12;92;35;765;23;238;551;812;6,67;1,52;2;2;20,43;;;4;101;202;301;401;501;601;701;I2;;;;
;07-Aug-25;August;2026;RSM 10,7 1000,0 LL23 D2;10;1000,0;LL28 D2;Normal;-;SSM;OE;Rotor;Routine;1;kanan;0,100;100,00;3,49;11,04;435;;68000;16,00;16,00;16,00;1,00;650;2988;2988;2,75;17,61;19,12;2805;9,47;0,6;11,94;2,17;2,17;2,17;1;19;71;11;91;31;788;24;238;538;800;6,32;1,44;1;1;18,80;;;4;101;202;301;401;501;601;701;I1;;;;
;07-Aug-25;August;2026;RS 10,7 4006,0 NL04 AX D2;10;4006,0;LL28 D2;Normal;-;SSM;OE;Rotor;Routine;1;Kiri;0,100;100,00;3,61;11,40;449;;75602;20,37;20,37;20,37;0,83;650;2775;3059;1,71;22,41;18,50;3571;10,02;1,0;12,71;2,25;2,25;2,25;1;33;124;23;159;58;1292;74;372;940;1387;5,61;1,31;1;1;21,32;;;5;102;202;301;401;501;601;701;I2;;;;
;07-Aug-25;August;2026;RS 10,7 4006,0 NL04 AX D2;10;4006,0;LL28 D2;Normal;-;SSM;OE;Rotor;Routine;1;kanan;0,100;100,00;3,81;12,05;474;;78000;24,28;24,28;24,28;0,90;650;2613;2906;2,08;26,72;17,70;4257;10,37;1,0;13,13;2,45;2,45;2,45;2;45;172;72;219;119;1657;115;405;1233;1752;23,52;1,22;1;1;22,86;;;5;102;202;301;401;501;601;701;I1;;;;
;07-Aug-25;August;2026;RS 10,8 4006,0 NL04 AX D2;10;4006,0;LL28 D2;Fancy;-;SSM;OE;Rotor;Routine;1;Kiri;0,100;100,00;3,91;12,37;487;;78000;26,12;26,12;26,12;0,63;650;2586;2586;1,23;28,74;16,55;4579;10,32;0,7;13,08;2,18;2,18;2,18;5;60;239;58;304;123;1620;108;391;1459;1958;5,23;1,22;1;1;17,86;;;6;102;202;302;401;501;601;701;I2;;;;
;07-Aug-25;August;2026;RS 10,8 4006,0 NL04 AX D2;10;4006,0;LL28 D2;Fancy;-;SSM;OE;Rotor;Routine;1;kanan;0,100;100,00;4,44;14,03;552;;85000;12,32;12,32;12,32;0,52;650;2030;2105;1,42;13,55;13,21;2159;9,39;1,2;11,86;9,42;9,42;9,42;0;13;41;5;54;18;739;25;221;483;728;5,43;1,32;1;1;18,66;;;6;102;202;302;401;501;601;701;I1;;;;
;07-Aug-25;August;2025;E 7s 4600,0 LL28 D2;7;4600,0;LL28 D2;Fancy;-;SSM;OE;Rotor;Routine;1;Kanan;0,100;70,00;4,70;12,43;489;;95000;16,27;16,27;16,27;0,77;650;1966;2059;2,27;17,90;12,93;2852;9,84;1,0;12,42;2,06;2,06;2,06;0;16;82;6;99;23;1142;58;274;918;1249;5,09;1,31;1;1;20,53;;;1;103;202;302;401;501;601;701;I1;;;;
;07-Aug-25;August;2025;E 7s 4600,0 LL28 D2;7;4600,0;LL28 D2;Fancy;-;SSM;RS;Rotor;Routine;1;kanan;0,100;70,00;5,56;14,72;580;;100065;30,40;30,40;30,40;0,99;650;1738;1854;2,50;33,45;11,47;5329;11,98;0,9;15,21;2,78;2,78;2,78;34;117;1329;211;1479;362;4025;569;871;6123;7563;4,92;1,35;1;1;25,13;;;1;103;202;302;401;502;601;701;I1;;;;
;07-Aug-25;August;2025;E 7s 4600,0 LL28 D2;7;4600,0;LL28 D2;Fancy;-;SSM;RS;Rotor;Routine;1;kanan;0,100;70,00;3,65;9,67;381;;70000;9,80;9,80;9,80;0,49;650;2199;2233;1,48;10,78;14,18;1718;9,12;1,0;11,54;1,88;1,88;1,88;0;10;24;1;34;11;554;9;754;322;1084;7,60;1,78;2;2;18,14;;;1;103;202;302;401;502;601;701;I1;;;;
;07-Aug-25;August;2025;E 7s 4600,0 LL28 D2;7;4600,0;LL28 D2;Normal;-;SSM;RS;Rotor;Routine;1;kanan;0,100;70,00;4,26;11,27;444;;88857;20,14;20,14;20,14;0,84;650;2272;2444;2,30;22,16;15,07;3531;10,03;0,8;12,69;2,40;2,40;2,40;1;34;180;22;215;57;1266;65;363;1432;1860;5,50;1,38;1;1;18,92;;;1;103;202;301;401;502;601;701;I1;;;;
;07-Aug-25;August;2025;E 7s 4600,0 LL28 D2;7;4600,0;LL28 D2;Normal;-;SSM;RS;Rotor;Routine;1;kanan;0,100;70,00;4,52;11,96;471;;97522;31,53;31,53;31,53;0,91;650;1984;2149;2,50;34,70;13,17;5528;11,93;1,0;15,14;2,81;2,81;2,81;23;132;1432;250;1587;405;3804;486;924;6218;7629;5,11;1,27;1;1;21,67;;;1;103;202;301;401;502;601;701;I1;;;;
;07-Aug-25;August;2025;E 7s 4600,0 LL28 D2;7;4600,0;LL28 D2;Normal;-;SSM;RS;Rotor;Routine;1;kanan;0,100;70,00;4,52;11,95;470;;98333;31,51;31,51;31,51;0,85;650;2123;2285;3,27;34,67;14,16;5524;12,22;0,8;15,52;2,50;2,50;2,50;33;184;1320;255;1537;472;4104;576;1103;5883;7562;4,88;1,20;1;1;18,05;;;1;103;202;301;401;502;601;701;I1;;;;
;07-Aug-25;August;2025;E 10s 4600,0 LL28 D2;10;4600,0;LL28 D2;Normal;-;SSM;OE;Rotor;Sample;1;kanan;0,670;14,93;3,13;9,91;390;;54000;10,11;10,11;10,11;0,60;650;2657;2788;1,01;11,13;17,57;1773;9,34;1,0;11,86;2,05;2,05;2,05;0;33;62;11;94;44;574;13;310;476;799;7,62;2,75;3;3;16,55;;;2;103;202;301;401;501;601;702;I1;;;;
;07-Aug-25;August;2025;E 10s 4600,0 LL28 D2;10;4600,0;LL28 D2;Normal;-;SSM;OE;Rotor;Routine;1;kanan;0,100;100,00;4,22;13,34;525;;89754;31,59;31,59;31,59;0,99;650;2059;2449;2,41;34,77;14,56;5539;11,83;1,0;15,04;2,90;2,90;2,90;20;134;1232;234;1386;389;3636;438;951;5430;6819;7,17;1,38;1;1;22,88;;;2;103;202;301;401;501;601;701;I1;;;;
;07-Aug-25;August;2025;E 16s 4600,0 LL28 D2;16;4600,0;LL28 D2;Normal;-;SSM;OE;Rotor;Routine;1;Kiri;0,100;160,00;4,22;16,88;665;;89000;31,79;31,79;31,79;0,91;650;2365;2499;3,25;34,99;15,72;5574;12,11;1,1;15,38;2,50;2,50;2,50;30;166;1066;191;1262;387;3875;541;1068;4919;6528;5,10;1,21;1;1;20,46;;;3;103;202;301;401;501;601;701;I2;;;;
;07-Aug-25;August;2025;RSM 10,7 1000,0 LL23 D2;10;1000,0;LL23 D2;Normal;-;SSM;OE;Ring;Routine;1;N/A;0,670;14,93;3,15;9,96;392;;65938;14,40;14,40;14,40;0,71;650;2943;3136;1,41;15,84;19,40;2524;9,75;1,1;12,36;2,01;2,01;2,01;0;37;105;18;142;55;943;39;328;746;1114;6,54;1,53;2;2;19,64;;;4;101;201;301;401;501;602;701;I3;;;;
;07-Aug-25;August;2025;RSM 10,7 1000,0 LL23 D2;10;1000,0;LL23 D2;Normal;-;SSM;OE;Winding;Routine;1;Kiri;0,670;14,93;3,01;9,51;374;;60000;12,34;12,34;12,34;0,98;650;2860;2897;1,80;13,57;18,42;2163;9,71;0,6;12,31;1,87;1,87;1,87;0;42;77;12;119;54;878;40;332;684;1056;7,06;1,65;2;2;20,02;;;4;101;201;301;401;501;603;701;I2;;;;
;07-Aug-25;August;2025;RS 10,7 4006,0 NL04 AX D2;10;4006,0;NL04 AX D2;Normal;-;SSM;OE;Ring;Routine;1;N/A;0,670;14,93;3,61;11,40;449;;76462;20,21;20,21;20,21;0,84;650;2740;2975;1,82;22,24;18,22;3544;10,14;1,1;12,70;2,20;2,20;2,20;1;50;159;33;209;83;1385;82;401;1033;1516;5,59;1,30;1;1;20,31;;;5;102;203;301;401;501;602;701;I3;;;;
;07-Aug-25;August;2025;RS 10,7 4006,0 NL04 AX D2;10;4006,0;NL04 AX D2;Normal;-;SSM;OE;Winding;Routine;1;Kiri;0,670;14,93;3,81;12,05;474;;77871;24,21;24,21;24,21;1,01;650;2549;2884;2,26;26,64;17,38;4245;10,43;1,0;13,21;2,34;2,34;2,34;2;60;214;44;276;107;1711;123;457;1366;1946;5,31;1,23;1;1;21,17;;;5;102;203;301;401;501;603;701;I2;;;;
;07-Aug-25;August;2025;RS 10,8 4006,0 NL04 AX D2;10;4006,0;NL04 AX D2;Fancy;-;SSM;OE;Ring;Routine;1;N/A;0,670;14,93;3,91;12,37;487;;76000;26,35;26,35;26,35;1,15;650;2547;2741;2,14;29,00;16,89;4619;10,49;1,0;13,31;2,45;2,45;2,45;3;59;245;53;307;115;1769;134;464;1562;2160;5,24;1,23;1;1;21,89;;;6;102;203;302;401;501;602;701;I3;;;;
;07-Aug-25;August;2025;RS 10,8 4006,0 NL04 AX D2;10;4006,0;NL04 AX D2;Fancy;-;SSM;OE;Winding;Routine;1;Kiri;0,670;14,93;4,42;13,97;550;;87000;10,00;10,00;10,00;0,18;650;0;0;2,90;11,00;11,98;1753;9,92;1,6;12,60;2,03;2,03;2,03;1;51;38;1;90;53;1044;38;408;491;937;5,55;1,38;1;1;25,00;;;6;102;203;302;401;501;603;701;I2;;;;
;07-Aug-25;August;2025;E 7s 4600,0 LL28 D2;7;4600,0;LL28 D2;Fancy;-;SSM;OE;Rotor;Routine;1;kanan;0,100;70,00;4,69;12,42;489;;89167;12,20;12,20;12,20;0,58;650;0;0;2,27;13,43;12,61;2139;9,28;1,8;11,67;1,79;1,79;1,79;1;5;14;1;19;6;675;23;146;359;528;5,35;1,35;1;1;20,80;;;1;103;202;302;401;501;601;701;I1;;;;
;07-Aug-25;August;2025;E 7s 4600,0 LL28 D2;7;4600,0;LL28 D2;Fancy;-;SSM;OE;Rotor;Routine;1;Kiri;0,100;70,00;5,02;13,27;523;;97000;16,31;16,31;16,31;1,00;650;0;0;2,90;17,95;11,58;2859;9,61;1,6;12,10;2,24;2,24;2,24;0;5;41;3;46;8;979;39;194;684;917;5,27;1,31;1;1;21,71;;;1;103;202;302;401;501;601;701;I2;;;;
;07-Aug-25;August;2025;E 10s 4600,0 LL28 D2;10;4600,0;LL28 D2;Fancy;107;SSM;OE;Rotor;Routine;1;kanan;0,100;100,00;5,21;16,48;649;;95000;21,25;21,25;21,25;0,85;650;1891;1983;2,74;23,39;11,66;3726;9,96;0,9;10,03;1,83;1,83;1,83;2;12;83;5;97;19;1369;80;243;1118;1441;5,43;1,44;1;1;22,37;;;2;103;202;302;401;501;601;701;I1;;;;
;07-Aug-25;August;2025;E 10s 4600,0 LL28 D2;10;4600,0;LL28 D2;Normal;-;SSM;OE;Rotor;Routine;1;Kiri;0,100;100,00;4,70;14,86;585;;97000;16,06;16,06;16,06;0,62;650;0;0;1,71;17,67;12,47;2816;9,60;2,2;12,13;2,17;2,17;2,17;0;9;34;3;43;12;923;39;673;34;746;5,32;1,36;1;1;29,51;;;2;103;202;301;401;501;601;701;I2;;;;
;07-Aug-25;August;2025;E 16s 4600,0 LL28 D2;16;4600,0;LL28 D2;Normal;-;SSM;OE;Rotor;Routine;1;kanan;0,100;160,00;4,99;19,95;786;;95000;21,12;21,12;21,12;1,01;650;1891;1983;2,51;23,24;12,31;3702;9,89;1,0;12,48;2,25;2,25;2,25;2;13;180;13;195;28;1310;78;245;955;1278;5,33;1,46;1;1;20,73;;;3;103;202;301;401;501;601;701;I1;;;;
;07-Aug-25;August;2026;RSM 10,7 1000,0 LL23 D2;10;1000,0;LL28 D2;Normal;-;SSM;OE;Rotor;Routine;1;Kiri;0,100;100,00;5,34;16,89;665;;98000;24,06;24,06;24,06;0,55;650;1929;1938;1,85;26,48;12,38;4218;10,41;0,7;13,14;2,30;2,30;2,30;5;26;120;10;150;40;1842;147;354;1367;1868;5,25;1,45;1;1;20,26;;;4;101;202;301;401;501;601;701;I2;;;;
;07-Aug-25;August;2026;RSM 10,7 1000,0 LL23 D2;10;1000,0;LL28 D2;Normal;-;SSM;OE;Rotor;Routine;1;kanan;0,100;100,00;5,56;17,60;693;;101120;30,48;30,48;30,48;0,99;650;0;1838;2,63;33,54;11,41;5343;11,65;0,9;14,74;2,71;2,71;2,71;26;74;968;112;1067;211;3695;535;694;5405;6634;5,12;1,40;1;1;24,20;;;4;101;202;301;401;501;601;701;I1;;;;
;07-Aug-25;August;2026;RS 10,7 4006,0 NL04 AX D2;10;4006,0;LL28 D2;Normal;-;SSM;OE;Rotor;Routine;1;Kiri;0,100;100,00;3,65;11,56;455;;65200;9,95;9,95;9,95;0,54;650;2070;2237;1,44;10,95;13,88;1745;9,04;0,7;11,40;2,11;2,11;2,11;0;6;14;1;20;6;515;10;141;299;450;6,69;1,58;2;2;20,28;;;5;102;202;301;401;501;601;701;I2;;;;
;07-Aug-25;August;2026;RS 10,7 4006,0 NL04 AX D2;10;4006,0;LL28 D2;Normal;-;SSM;OE;Rotor;Routine;1;kanan;0,100;100,00;4,00;12,64;498;;78000;12,00;12,00;12,00;0,93;650;2151;2276;1,94;13,20;14,20;2103;9,43;0,8;11,95;2,13;2,13;2,13;0;16;44;4;60;20;758;25;254;496;775;6,61;1,62;2;2;20,26;;;5;102;202;301;401;501;601;701;I1;;;;
;07-Aug-25;August;2026;RS 10,8 4006,0 NL04 AX D2;10;4006,0;LL28 D2;Normal;-;SSM;OE;Rotor;Routine;1;Kiri;0,100;100,00;4,26;13,47;530;;90214;20,29;20,29;20,29;0,81;650;2269;2382;2,28;22,33;14,85;3557;10,04;1,0;12,69;2,44;2,44;2,44;1;30;188;18;218;49;1303;71;342;1562;1975;5,48;1,38;1;1;19,61;;;6;102;202;301;401;501;601;701;I2;;;;
;07-Aug-25;August;2026;RS 10,8 4006,0 NL04 AX D2;10;4006,0;LL28 D2;Normal;-;SSM;OE;Rotor;Routine;1;kanan;0,100;100,00;4,53;14,32;564;;99547;31,43;31,43;31,43;1,06;650;1896;2152;2,48;34,59;13,02;5510;11,76;0,9;14,91;2,92;2,92;2,92;20;99;1294;193;1413;311;3649;450;779;6132;7362;5,08;1,23;1;1;23,14;;;6;102;202;301;401;501;601;701;I1;;;;
;07-Aug-25;August;2025;E 7s 4600,0 LL28 D2;7;4600,0;LL28 D2;Normal;-;SSM;OE;Rotor;Routine;1;Kanan;0,100;70,00;3,13;8,29;326;;54857;10,10;10,10;10,10;0,67;650;2487;2739;1,17;11,11;16,58;1770;9,30;1,4;11,79;2,14;2,14;2,14;0;26;52;5;78;31;604;13;270;509;792;7,92;1,79;2;2;17,31;;;1;103;202;301;401;501;601;701;I1;;;;
;07-Aug-25;August;2025;E 7s 4600,0 LL28 D2;7;4600,0;LL28 D2;Normal;-;SSM;RS;Rotor;Routine;1;kanan;0,100;70,00;3,54;9,35;368;;77600;20,61;20,61;20,61;0,74;650;2241;2408;2,11;22,67;14,76;3612;10,05;1,1;12,71;2,69;2,69;2,69;1;27;153;18;182;46;1312;68;321;1430;1819;6,40;1,76;2;2;21,88;;;1;103;202;301;401;502;601;701;I1;;;;
;07-Aug-25;August;2025;E 7s 4600,0 LL28 D2;7;4600,0;LL28 D2;Fancy;-;SSM;RS;Rotor;Routine;1;kanan;0,100;70,00;3,99;10,54;415;;89000;26,50;26,50;26,50;1,09;650;2292;2422;2,10;29,16;15,06;4646;10,58;1,1;13,39;2,96;2,96;2,96;4;37;305;39;345;79;1874;144;433;2207;2783;5,43;1,36;1;1;23,03;;;1;103;202;302;401;502;601;701;I1;;;;
;07-Aug-25;August;2025;E 7s 4600,0 LL28 D2;7;4600,0;LL28 D2;Fancy;-;SSM;RS;Rotor;Routine;1;kanan;0,100;70,00;4,22;11,16;440;;91926;31,53;31,53;31,53;1,00;650;1990;2438;2,37;34,70;14,47;5528;11,79;1,0;14,96;2,95;2,95;2,95;20;116;1159;201;1294;337;3537;435;839;5419;6692;5,11;1,27;1;1;24,15;;;1;103;202;302;401;502;601;701;I1;;;;
;07-Aug-25;August;2025;E 7s 4600,0 LL28 D2;7;4600,0;LL28 D2;Fancy;-;SSM;RS;Rotor;Routine;1;kanan;0,100;70,00;3,01;7,95;313;;60000;12,31;12,31;12,31;0,41;650;2967;3075;1,46;13,55;19,33;2158;9,57;1,3;12,12;2,13;2,13;2,13;0;24;83;10;107;33;832;22;277;763;1062;7,06;1,62;2;2;18,28;;;1;103;202;302;401;502;601;701;I1;;;;
;07-Aug-25;August;2025;E 7s 4600,0 LL28 D2;7;4600,0;LL28 D2;Fancy;-;SSM;RS;Rotor;Routine;1;kanan;0,100;70,00;3,15;8,33;328;;64946;14,38;14,38;14,38;0,86;650;2871;3124;1,48;15,83;19,35;2522;9,81;0,9;12,44;2,04;2,04;2,04;1;37;124;20;162;58;989;39;342;928;1309;6,59;1,54;2;2;19,61;;;1;103;202;302;401;502;601;701;I1;;;;
;07-Aug-25;August;2025;E 10s 4600,0 LL28 D2;10;4600,0;LL28 D2;Fancy;-;SSM;OE;Rotor;Sample;1;kanan;0,670;14,93;3,61;11,40;449;;77000;20,29;20,29;20,29;0,88;650;2733;2943;1,89;22,32;18,19;3557;10,10;0,9;12,81;2,23;2,23;2,23;1;46;180;38;227;86;1358;79;387;1196;1662;5,64;1,32;1;1;19,71;;;2;103;202;302;401;501;601;702;I1;;;;
;07-Aug-25;August;2025;E 10s 4600,0 LL28 D2;10;4600,0;LL28 D2;Normal;-;SSM;OE;Rotor;Routine;1;kanan;0,100;100,00;3,81;12,05;474;;77950;24,28;24,28;24,28;1,06;650;2553;2944;2,30;26,72;17,32;4257;10,39;1,1;13,18;2,44;2,44;2,44;2;54;242;47;299;104;1654;112;437;1558;2107;5,40;1,24;1;1;22,29;;;2;103;202;301;401;501;601;701;I1;;;;
;07-Aug-25;August;2025;E 16s 4600,0 LL28 D2;16;4600,0;LL28 D2;Normal;-;SSM;OE;Rotor;Routine;1;Kiri;0,100;160,00;3,91;15,64;616;;76852;26,38;24,28;24,28;0,92;650;2528;2667;2,26;29,03;16,76;4624;10,44;1,1;13,25;2,48;2,48;2,48;2;57;285;55;344;114;1741;118;438;1831;2388;5,39;1,24;1;1;22,11;;;3;103;202;301;401;501;601;701;I2;;;;
;1;2;3;4;5;6;7;8;9;10;11;12;13;14;;15;16;17;18;19;20;21;22;23;24;25;26;27;28;29;30;31;32;33;34;35;36;37;38;39;40;41;42;43;44;45;46;47;48;49;50;51;52;53;54;55;56;57;58;59;60;61;62;63;64;65;66;67;68;69